Starting Word,Solutions Count
AAHS,3
AALS,2
ABAC,5
ABAS,17
ABBA,6
ABBE,8
ABBS,13
ABED,8
ABER,5
ABET,6
ABID,3
ABLE,5
ABLY,0
ABRI,5
ABUT,3
ABYE,1
ABYS,1
ACAI,2
ACCA,5
ACED,2
ACER,7
ACES,2
ACHE,1
ACHY,0
ACID,2
ACME,12
ACNE,4
ACRE,6
ACRO,2
ACTA,9
ACTS,11
ACYL,0
ADAW,5
ADDS,7
ADDY,5
ADIT,3
ADOS,2
ADRY,0
ADZE,2
AEON,2
AERO,0
AERY,0
AESC,1
AFAR,12
AFFY,1
AFRO,1
AGAR,3
AGAS,20
AGED,11
AGEE,2
AGEN,1
AGER,10
AGES,5
AGGY,0
AGHA,3
AGIN,1
AGIO,1
AGLU,6
AGLY,1
AGMA,10
AGOG,3
AGON,3
AGRO,6
AGUE,0
AHED,7
AHEM,5
AHIS,4
AHOY,2
AIAS,0
AIDA,0
AIDE,0
AIDS,1
AIGA,0
AILS,1
AIMS,0
AINE,0
AINS,0
AIRN,0
AIRS,0
AIRT,0
AIRY,0
AITS,0
AITU,0
AJAR,1
AJEE,1
AJIS,3
AKAS,6
AKED,4
AKEE,1
AKES,6
AKIN,2
ALAE,6
ALAN,17
ALAP,19
ALAR,6
ALAS,15
ALAY,4
ALBA,5
ALBE,5
ALBS,11
ALCO,5
ALEC,2
ALEE,2
ALEF,3
ALES,2
ALEW,3
ALFA,4
ALGA,8
ALGO,7
ALIF,3
ALIT,3
ALKO,6
ALKY,1
ALLS,8
ALLY,0
ALMA,7
ALME,5
ALMS,1
ALOD,4
ALOE,3
ALOO,2
ALOW,6
ALPS,6
ALSO,2
ALTO,7
ALTS,10
ALUM,0
ALUS,3
AMAH,9
AMAS,17
AMBO,6
AMEN,3
AMES,4
AMIA,2
AMID,3
AMIE,1
AMIN,3
AMIR,1
AMIS,4
AMLA,8
AMMO,4
AMOK,3
AMPS,16
AMUS,4
AMYL,4
ANAL,4
ANAN,8
ANAS,3
ANCE,6
ANDS,4
ANES,7
ANEW,4
ANGA,1
ANIL,1
ANIS,3
ANKH,1
ANNA,0
ANNO,1
ANNS,3
ANOA,2
ANON,5
ANOW,1
ANSA,6
ANTA,2
ANTE,4
ANTI,3
ANTS,9
ANUS,3
APAY,5
APED,7
APER,1
APES,6
APEX,0
APOD,10
APOS,10
APPS,6
APSE,11
APSO,11
APTS,2
AQUA,1
ARAK,1
ARAR,11
ARBA,7
ARBS,12
ARCH,1
ARCO,2
ARCS,4
ARDS,5
AREA,2
ARED,4
AREG,6
ARES,7
ARET,8
AREW,5
ARFS,5
ARGH,3
ARIA,5
ARID,1
ARIE,0
ARIL,1
ARIS,4
ARKS,1
ARLE,9
ARMS,2
ARMY,0
ARNA,3
AROS,8
AROW,5
ARPA,15
ARSE,7
ARSY,1
ARTI,2
ARTS,6
ARTY,1
ARUM,5
ARVO,0
ARYL,1
ASAR,15
ASCI,2
ASEA,2
ASHY,2
ASKS,4
ASPS,16
ATAP,11
ATES,6
ATMA,6
ATOC,2
ATOK,8
ATOM,1
ATOP,9
ATUA,0
AUAS,0
AUFS,0
AUGH,0
AUKS,0
AULA,0
AULD,2
AUNE,0
AUNT,0
AURA,0
AUTO,0
AVAL,10
AVAS,10
AVEL,0
AVER,9
AVES,3
AVID,0
AVIS,0
AVOS,1
AVOW,3
AWAY,1
AWDL,0
AWED,2
AWEE,0
AWES,5
AWFY,2
AWKS,1
AWLS,2
AWNS,2
AWNY,0
AWOL,4
AWRY,0
AXAL,0
AXED,0
AXEL,0
AXES,0
AXIL,0
AXIS,0
AXLE,0
AXON,0
AYAH,3
AYES,1
AYIN,0
AYRE,1
AYUS,0
AZAN,1
AZON,0
AZYM,0
BAAL,10
BAAS,1
BABA,4
BABE,6
BABU,3
BABY,2
BACH,3
BACK,1
BACS,2
BADE,3
BADS,5
BAEL,4
BAES,1
BAFF,2
BAFT,1
BAGH,6
BAGS,3
BAHT,15
BAHU,4
BAIL,1
BAIT,1
BAJU,0
BAKE,5
BALD,25
BALE,1
BALK,0
BALL,7
BALM,0
BALS,0
BALU,2
BAMS,1
BANC,1
BAND,0
BANE,1
BANG,0
BANI,0
BANK,0
BANS,1
BANT,0
BAOS,6
BAPS,2
BAPU,6
BARB,2
BARD,14
BARE,4
BARF,0
BARK,1
BARM,11
BARN,4
BARP,0
BARS,2
BASA,10
BASE,2
BASH,10
BASK,3
BASS,7
BAST,15
BATE,21
BATH,0
BATS,8
BATT,8
BAUD,2
BAUK,1
BAUR,1
BAWD,9
BAWK,1
BAWL,0
BAWN,4
BAWR,1
BAWS,8
BAYE,5
BAYS,3
BAYT,1
BAZZ,0
BEAD,2
BEAK,0
BEAL,4
BEAM,5
BEAN,0
BEAR,1
BEAT,1
BEAU,0
BECK,1
BEDE,0
BEDS,6
BEDU,0
BEEF,0
BEEN,1
BEEP,2
BEER,0
BEES,0
BEET,0
BEGO,1
BEGS,6
BEIN,0
BELL,0
BELS,2
BELT,5
BEMA,0
BEND,3
BENE,0
BENI,0
BENJ,0
BENS,0
BENT,0
BERE,3
BERG,0
BERK,2
BERM,0
BEST,4
BETA,1
BETE,2
BETH,1
BETS,7
BEVY,0
BEYS,5
BHAI,0
BHAT,7
BHEL,3
BHUT,2
BIAS,0
BIBB,0
BIBE,1
BIBS,1
BICE,0
BIDE,0
BIDI,1
BIDS,1
BIEN,0
BIER,0
BIFF,0
BIGA,0
BIGG,1
BIGS,0
BIKE,5
BILE,0
BILK,2
BILL,0
BIMA,0
BIND,0
BINE,1
BING,1
BINK,5
BINS,1
BIOG,2
BIOS,1
BIRD,0
BIRK,1
BIRL,0
BIRO,1
BIRR,0
BISE,1
BISH,3
BISK,1
BIST,3
BITE,4
BITO,1
BITS,1
BITT,0
BIZE,0
BLAB,4
BLAD,9
BLAE,0
BLAG,3
BLAH,3
BLAM,10
BLAT,11
BLAW,5
BLAY,1
BLEB,2
BLED,1
BLEE,1
BLET,1
BLEW,0
BLEY,1
BLIN,0
BLIP,0
BLIT,3
BLOB,6
BLOC,2
BLOG,0
BLOT,2
BLOW,1
BLUB,1
BLUD,1
BLUE,0
BLUR,1
BOAB,1
BOAK,3
BOAR,3
BOAS,0
BOAT,2
BOBA,3
BOBO,3
BOBS,3
BOCK,1
BODE,2
BODS,4
BODY,0
BOEP,1
BOET,0
BOFF,3
BOGS,0
BOGY,4
BOHO,7
BOHS,1
BOIL,0
BOIS,0
BOKE,0
BOKO,0
BOKS,3
BOLA,0
BOLD,2
BOLE,4
BOLL,7
BOLO,2
BOLT,2
BOMA,1
BOMB,0
BONA,3
BOND,2
BONE,1
BONG,0
BONK,0
BONY,0
BOOB,2
BOOH,2
BOOK,1
BOOL,0
BOOM,0
BOON,1
BOOR,4
BOOS,0
BOOT,1
BOPO,0
BOPS,4
BORA,4
BORD,2
BORE,3
BORK,0
BORM,2
BORN,1
BORS,9
BORT,9
BOSH,0
BOSK,5
BOSS,5
BOTA,3
BOTE,1
BOTH,7
BOTS,2
BOTT,1
BOUK,0
BOUN,0
BOUT,0
BOWL,3
BOWR,0
BOWS,1
BOXY,0
BOYF,0
BOYG,0
BOYO,0
BOYS,0
BOZO,1
BRAD,7
BRAE,2
BRAG,0
BRAK,1
BRAN,7
BRAP,2
BRAS,9
BRAT,4
BRAW,1
BRAY,3
BRED,0
BREE,4
BREI,0
BREN,0
BRER,0
BREW,0
BREY,0
BRIE,0
BRIG,2
BRIK,0
BRIM,0
BRIN,1
BRIO,2
BRIS,0
BRIT,0
BROD,0
BROG,2
BROO,0
BROS,0
BROW,6
BRRR,0
BRUH,1
BRUS,1
BRUT,1
BRUV,1
BRUX,0
BUAT,0
BUBA,2
BUBO,7
BUBS,0
BUBU,0
BUCK,0
BUDA,0
BUDI,0
BUDO,1
BUDS,1
BUFF,3
BUFO,0
BUGS,2
BUHL,0
BUHR,1
BUIK,0
BUJO,4
BUKE,2
BULB,5
BULK,1
BULL,1
BUMF,0
BUMP,0
BUMS,2
BUNA,1
BUND,0
BUNG,0
BUNK,0
BUNN,0
BUNS,0
BUNT,0
BUOY,1
BURA,1
BURB,1
BURD,0
BURG,2
BURK,0
BURL,0
BURN,0
BURP,0
BURR,0
BURS,1
BURY,2
BUSH,0
BUSK,3
BUSS,1
BUST,0
BUSY,1
BUTE,3
BUTS,0
BUTT,3
BUYS,0
BUZZ,0
BYDE,2
BYES,0
BYKE,1
BYRE,0
BYRL,0
BYTE,3
CAAS,12
CABA,7
CABS,11
CACA,3
CACK,16
CADE,5
CADI,1
CADS,0
CAFE,3
CAFF,3
CAFS,5
CAGE,8
CAGS,20
CAGY,0
CAID,0
CAIN,0
CAKE,3
CAKY,2
CALF,19
CALK,5
CALL,7
CALM,2
CALO,1
CALP,1
CALS,0
CALX,0
CAMA,4
CAME,2
CAMI,1
CAMO,5
CAMP,4
CAMS,3
CANE,1
CANG,0
CANN,6
CANS,0
CANT,0
CANY,0
CAPA,4
CAPE,5
CAPH,1
CAPI,1
CAPO,0
CAPS,4
CARB,3
CARD,0
CARE,5
CARK,0
CARL,0
CARN,0
CARP,10
CARR,0
CARS,12
CART,8
CASA,17
CASE,3
CASH,48
CASK,8
CAST,9
CATE,4
CATH,12
CATS,5
CAUF,0
CAUK,1
CAUL,0
CAUM,0
CAUP,0
CAVA,4
CAVE,8
CAVY,0
CAWK,7
CAWS,9
CAYS,6
CAZH,0
CEAS,5
CECA,1
CEDE,2
CEDI,1
CEES,0
CEIL,1
CELL,0
CELS,0
CELT,1
CENS,2
CENT,0
CEPE,0
CEPS,5
CERE,0
CERO,2
CERT,1
CESS,2
CETE,3
CHAD,2
CHAI,0
CHAL,1
CHAM,16
CHAO,0
CHAP,4
CHAR,6
CHAS,4
CHAT,2
CHAV,0
CHAW,4
CHAY,1
CHEF,0
CHEM,0
CHER,2
CHEW,2
CHEZ,1
CHIA,2
CHIB,3
CHIC,1
CHID,1
CHIK,1
CHIN,2
CHIP,3
CHIS,0
CHIT,1
CHIV,2
CHIZ,0
CHOC,1
CHOG,1
CHON,3
CHOP,1
CHOU,0
CHOW,3
CHUB,0
CHUG,0
CHUM,3
CHUR,3
CHUT,1
CIAO,0
CIDE,0
CIDS,2
CIEL,0
CIGS,1
CILL,0
CINE,2
CINQ,0
CION,0
CIRE,0
CIRL,0
CIST,4
CITE,2
CITO,3
CITS,2
CITY,0
CIVE,0
CLAD,0
CLAG,3
CLAM,13
CLAN,8
CLAP,6
CLAT,3
CLAW,11
CLAY,0
CLEF,3
CLEG,1
CLEM,5
CLEW,1
CLIP,8
CLIT,2
CLOD,0
CLOG,1
CLON,0
CLOP,5
CLOT,2
CLOU,1
CLOW,4
CLOY,2
CLUB,0
CLUE,0
COAL,1
COAT,2
COAX,0
COBB,3
COBS,6
COCA,0
COCH,4
COCK,1
COCO,3
CODA,2
CODE,1
CODS,0
COED,2
COFF,0
COFT,2
COGS,4
COHO,5
COIF,0
COIL,0
COIN,0
COIR,3
COIT,0
COKE,1
COKY,4
COLA,8
COLD,8
COLE,0
COLL,4
COLS,0
COLT,0
COLY,0
COMA,12
COMB,0
COME,0
COMM,0
COMP,11
COMS,1
COND,4
CONE,0
CONF,2
CONI,2
CONK,0
CONN,0
CONS,3
CONY,0
COOF,0
COOK,0
COOL,0
COOM,1
COON,0
COOP,0
COOS,0
COOT,1
COPE,4
COPI,2
COPS,3
COPY,0
CORD,0
CORE,2
CORF,2
CORK,1
CORM,0
CORN,0
CORS,0
CORY,0
COSE,1
COSH,15
COSS,3
COST,4
COSY,1
COTE,0
COTH,0
COTS,0
COTT,1
COUP,0
COUR,0
COVE,1
COWK,1
COWL,1
COWP,2
COWS,3
COWY,1
COXA,0
COXY,0
COYS,2
COZE,0
COZY,0
CRAB,6
CRAG,7
CRAM,2
CRAN,3
CRAP,11
CRAW,2
CRAY,0
CRED,3
CREE,2
CREM,1
CREW,1
CRIA,0
CRIB,3
CRIM,3
CRIS,0
CRIT,3
CROC,0
CROG,0
CRON,1
CROP,1
CROW,0
CRUD,3
CRUE,1
CRUS,0
CRUX,0
CUBE,0
CUBS,4
CUCK,3
CUDS,1
CUED,0
CUES,0
CUFF,0
CUIF,0
CUIT,0
CUKE,2
CULL,0
CULM,3
CULT,0
CUMS,0
CUNT,0
CUPS,0
CURB,0
CURD,0
CURE,1
CURF,0
CURL,2
CURN,0
CURR,0
CURS,0
CURT,0
CUSH,2
CUSK,7
CUSP,3
CUSS,0
CUTE,0
CUTS,0
CWMS,0
CYAN,1
CYMA,0
CYME,2
CYST,2
CYTE,2
CZAR,0
DAAL,0
DABS,5
DACE,10
DACK,5
DADA,5
DADO,0
DADS,0
DAES,2
DAFF,16
DAFT,2
DAGS,15
DAHL,0
DAHS,0
DAIS,1
DAKS,2
DALE,12
DALI,0
DALS,2
DALT,2
DAME,13
DAMN,9
DAMP,5
DAMS,4
DANG,4
DANK,4
DANS,6
DANT,7
DAPS,14
DARB,0
DARE,7
DARG,5
DARI,8
DARK,2
DARN,13
DART,4
DASH,0
DATA,5
DATE,7
DATO,11
DAUB,0
DAUD,1
DAUR,0
DAUT,2
DAVY,0
DAWD,1
DAWK,8
DAWN,7
DAWS,21
DAWT,27
DAYS,0
DAZE,0
DEAD,0
DEAF,0
DEAL,0
DEAN,0
DEAR,0
DEAW,4
DEBE,3
DEBS,0
DEBT,0
DECK,2
DECO,0
DEED,1
DEEK,0
DEEM,1
DEEN,1
DEEP,1
DEER,1
DEES,1
DEET,2
DEEV,0
DEFI,3
DEFO,0
DEFT,5
DEFY,0
DEGS,3
DEGU,3
DEID,0
DEIF,2
DEIL,0
DEKE,0
DELE,1
DELF,5
DELI,2
DELL,0
DELO,2
DELS,4
DELT,2
DEME,0
DEMO,0
DEMY,0
DENE,1
DENI,1
DENS,1
DENT,0
DENY,0
DEPS,4
DERE,0
DERM,0
DERN,0
DERO,3
DERP,3
DERV,1
DESI,1
DESK,0
DEUS,2
DEVA,3
DEVI,1
DEVO,1
DEVS,1
DEWS,1
DEWY,0
DEXY,0
DEYS,0
DHAK,7
DHAL,5
DHOL,0
DHOW,1
DIAL,0
DIBS,4
DICE,1
DICH,2
DICK,1
DICT,1
DIDO,0
DIDY,0
DIEB,0
DIED,0
DIEL,2
DIES,0
DIET,2
DIFF,0
DIFS,3
DIGS,1
DIKA,0
DIKE,0
DILL,1
DIME,1
DIMP,0
DIMS,2
DINE,1
DING,1
DINK,1
DINO,0
DINS,0
DINT,0
DIOL,0
DIPS,0
DIPT,1
DIRE,0
DIRK,4
DIRL,5
DIRT,1
DISA,0
DISC,0
DISH,1
DISK,3
DISS,3
DITA,3
DITE,3
DITS,5
DITT,1
DITZ,0
DIVA,1
DIVE,0
DIVI,0
DIVO,0
DIVS,0
DIXI,0
DIXY,0
DIYA,0
DJIN,1
DOAB,1
DOAT,3
DOBE,2
DOBS,2
DOBY,2
DOCK,2
DOCO,0
DOCS,8
DOCU,0
DODO,0
DODS,0
DOEK,0
DOEN,2
DOER,0
DOES,0
DOFF,2
DOGE,2
DOGS,1
DOGY,0
DOHS,0
DOIT,1
DOJO,1
DOLE,5
DOLL,3
DOLS,1
DOLT,10
DOME,8
DOMS,0
DOMY,0
DONA,0
DONE,1
DONG,2
DONS,0
DOOB,3
DOOK,1
DOOL,0
DOOM,1
DOON,0
DOOR,0
DOOS,1
DOPA,4
DOPE,5
DOPS,1
DOPY,3
DORB,0
DORE,1
DORK,6
DORM,0
DORP,1
DORR,0
DORS,1
DORT,3
DORY,1
DOSA,2
DOSE,10
DOSH,8
DOSS,2
DOST,4
DOTE,1
DOTH,0
DOTS,1
DOTY,1
DOUC,0
DOUK,0
DOUM,0
DOUN,0
DOUP,2
DOUR,2
DOUT,0
DOUX,0
DOVE,1
DOWD,3
DOWF,0
DOWL,2
DOWN,8
DOWP,0
DOWS,2
DOWT,0
DOXX,0
DOXY,0
DOYS,2
DOZE,0
DOZY,0
DRAB,0
DRAC,2
DRAD,7
DRAG,2
DRAM,4
DRAP,2
DRAT,3
DRAW,1
DRAY,0
DREE,1
DREG,0
DREK,0
DREW,0
DREY,0
DRIB,2
DRIP,0
DROP,3
DROW,2
DRUB,3
DRUG,0
DRUM,0
DRYS,0
DSOS,8
DUAD,1
DUAL,0
DUAN,2
DUAR,0
DUBS,2
DUCE,2
DUCI,0
DUCK,0
DUCT,2
DUDE,0
DUDS,0
DUED,0
DUEL,0
DUES,0
DUET,1
DUFF,0
DUGS,0
DUIT,0
DUKA,0
DUKE,2
DULE,0
DULL,0
DULY,0
DUMA,0
DUMB,10
DUMP,2
DUNE,0
DUNG,0
DUNK,0
DUNS,0
DUNT,0
DUOS,0
DUPE,1
DUPS,0
DURA,1
DURE,0
DURN,0
DURO,0
DURR,1
DUSH,2
DUSK,0
DUST,1
DUTY,1
DWAM,2
DYAD,0
DYED,1
DYER,0
DYES,0
DYKE,0
DYNE,2
DZHO,1
DZOS,0
EACH,1
EALE,2
EANS,0
EARD,6
EARL,1
EARN,0
EARS,3
EASE,3
EAST,3
EASY,2
EATH,7
EATS,0
EAUS,1
EAUX,0
EAVE,0
EBBS,7
EBON,5
ECAD,4
ECCE,1
ECCO,3
ECHE,5
ECHO,1
ECHT,3
ECOD,0
ECOS,7
ECRU,1
ECUS,2
EDDO,5
EDDY,1
EDGE,6
EDGY,0
EDHS,6
EDIT,2
EECH,1
EEEW,0
EELS,1
EELY,0
EERY,0
EEVN,0
EFFS,5
EFTS,4
EGAD,3
EGAL,6
EGER,2
EGGS,7
EGGY,1
EGIS,4
EGMA,3
EGOS,2
EHED,0
EIDE,0
EIKS,0
EILD,0
EINA,0
EINE,1
EISH,0
EKED,2
EKES,0
EKKA,3
ELAN,3
ELDS,1
ELFS,3
ELHI,2
ELKS,2
ELLS,6
ELMS,2
ELMY,0
ELSE,2
ELTS,2
EMES,1
EMEU,0
EMIC,0
EMIR,2
EMIT,0
EMMA,4
EMMY,0
EMOS,7
EMPT,2
EMUS,4
EMYD,0
EMYS,2
ENDS,0
ENES,2
ENEW,1
ENGS,2
ENOL,2
ENOW,0
ENTS,6
ENUF,0
ENVY,0
EOAN,0
EONS,1
EORL,0
EPEE,1
EPHA,2
EPIC,0
EPOS,9
ERAS,5
ERED,0
ERES,5
EREV,2
ERGO,1
ERGS,4
ERHU,0
ERIC,1
ERKS,2
ERNE,2
ERNS,2
EROS,0
ERRS,3
ERST,12
ERUV,2
ESES,7
ESKY,2
ESNE,0
ESPY,1
ESSE,3
ESTS,16
ETAS,15
ETAT,4
ETCH,3
ETEN,1
ETHE,1
ETHS,10
ETIC,1
ETNA,2
ETUI,0
EUGE,0
EUGH,0
EUKS,0
EUOI,0
EURO,0
EVEN,1
EVER,1
EVES,1
EVET,3
EVIL,3
EVOE,0
EVOS,2
EWER,1
EWES,10
EWKS,9
EWTS,3
EXAM,0
EXEC,0
EXED,0
EXES,0
EXIT,0
EXON,0
EXPO,0
EXUL,0
EYAS,6
EYED,2
EYEN,1
EYER,0
EYES,0
EYNE,0
EYOT,0
EYRA,3
EYRE,0
EYRY,0
FAAN,0
FAAS,2
FABS,0
FACE,3
FACT,0
FADE,3
FADO,4
FADS,6
FADY,1
FAFF,3
FAGS,4
FAHS,0
FAIK,0
FAIL,1
FAIN,0
FAIR,0
FAIX,0
FAKE,3
FALL,12
FALX,0
FAME,3
FAMS,3
FAND,2
FANE,2
FANG,0
FANK,0
FANO,4
FANS,1
FAPS,1
FARD,3
FARE,7
FARL,0
FARM,0
FARO,1
FARS,2
FART,0
FASH,8
FAST,6
FATE,0
FATS,4
FAUN,0
FAUR,2
FAUT,0
FAUX,0
FAVA,3
FAVE,0
FAVS,10
FAWN,0
FAWS,6
FAYS,1
FAZE,0
FEAL,0
FEAR,2
FEAT,1
FECK,1
FEDS,7
FEEB,1
FEED,0
FEEL,1
FEEN,0
FEER,0
FEES,0
FEET,1
FEGS,0
FEHM,0
FEHS,1
FEIS,0
FELL,1
FELT,3
FEME,2
FEMS,0
FEND,1
FENI,1
FENS,0
FENT,1
FEOD,0
FERE,3
FERM,0
FERN,1
FESS,1
FEST,1
FETA,2
FETE,4
FETS,0
FETT,1
FEUD,0
FEUS,0
FEWS,1
FEYS,0
FIAR,2
FIAT,0
FIBS,0
FICE,0
FICO,1
FIDO,0
FIDS,0
FIEF,0
FIER,0
FIFE,0
FIFI,0
FIGO,0
FIGS,1
FIKE,0
FIKY,1
FILA,0
FILE,0
FILK,0
FILL,3
FILM,0
FILO,2
FILS,0
FIND,0
FINE,2
FINI,0
FINK,0
FINO,1
FINS,0
FIQH,0
FIRE,0
FIRK,2
FIRM,5
FIRN,0
FIRS,0
FISC,0
FISH,0
FISK,1
FIST,1
FITS,2
FITT,6
FIVE,3
FIXT,0
FIZZ,0
FLAB,10
FLAG,1
FLAK,0
FLAM,4
FLAN,1
FLAP,2
FLAT,9
FLAW,26
FLAX,0
FLAY,0
FLEA,0
FLED,1
FLEE,1
FLEG,2
FLEW,1
FLEX,0
FLEY,5
FLIC,0
FLIM,2
FLIP,0
FLIR,0
FLIT,2
FLIX,0
FLOB,1
FLOC,3
FLOE,5
FLOG,0
FLOP,6
FLOR,1
FLOW,2
FLOX,0
FLUB,9
FLUE,0
FLUS,0
FLUX,0
FOAL,0
FOAM,2
FOBS,5
FOCI,0
FOEN,0
FOES,0
FOGS,2
FOGY,0
FOHN,1
FOID,0
FOIL,0
FOIN,0
FOLD,0
FOLK,0
FOLX,0
FOND,0
FONE,0
FONS,1
FONT,0
FOOD,0
FOOL,0
FOOS,0
FOOT,1
FOPS,1
FORA,3
FORB,8
FORD,2
FORE,1
FORK,7
FORM,6
FORT,0
FOSS,8
FOUD,0
FOUL,0
FOUR,0
FOUS,0
FOWL,2
FOXY,0
FOYS,0
FOZY,2
FRAB,2
FRAE,1
FRAG,2
FRAP,1
FRAS,6
FRAT,2
FRAU,1
FRAY,3
FREE,1
FRET,0
FRIB,1
FRIG,0
FRIS,8
FRIT,2
FRIZ,0
FROE,1
FROG,3
FROM,6
FROS,1
FROW,2
FRUG,0
FUBS,0
FUCI,0
FUCK,1
FUDS,4
FUEL,0
FUFF,0
FUGS,0
FUGU,0
FUJI,2
FULL,1
FUME,0
FUMS,0
FUMY,0
FUND,0
FUNG,0
FUNK,0
FUNS,0
FURL,1
FURR,0
FURS,1
FURY,0
FUSC,0
FUSE,1
FUSK,0
FUSS,4
FUST,0
FUTZ,0
FUZE,0
FUZZ,0
FYCE,2
FYKE,0
FYLE,0
FYRD,0
GABS,8
GABY,1
GACH,0
GADE,12
GADI,2
GADS,14
GAED,2
GAEN,4
GAES,1
GAFF,6
GAGA,6
GAGE,4
GAGS,0
GAID,0
GAIN,1
GAIR,1
GAIT,2
GAJO,1
GAKS,3
GALA,2
GALE,8
GALL,2
GALS,3
GAMA,6
GAMB,7
GAME,11
GAMP,0
GAMS,1
GAMY,0
GANE,2
GANG,6
GANK,0
GANS,21
GANT,0
GAOL,0
GAPE,3
GAPO,0
GAPS,5
GAPY,0
GARB,2
GARE,4
GARI,0
GARS,9
GART,3
GASH,7
GASP,2
GAST,2
GATE,2
GATH,1
GATS,0
GAUD,0
GAUM,1
GAUN,1
GAUP,0
GAUR,1
GAUS,0
GAVE,2
GAWD,14
GAWK,0
GAWP,3
GAWS,5
GAYS,0
GAZE,1
GAZY,0
GEAL,2
GEAN,2
GEAR,0
GEAT,4
GECK,0
GEDS,1
GEED,1
GEEK,0
GEEP,2
GEES,0
GEEZ,0
GEIT,1
GELD,2
GELS,2
GELT,2
GEMS,1
GENA,0
GENE,1
GENS,0
GENT,0
GENU,0
GEOS,1
GERE,0
GERM,0
GERS,0
GERT,1
GEST,0
GETA,0
GETS,1
GEUM,0
GHAT,4
GHEE,0
GHIS,0
GIBE,2
GIBS,0
GIDS,2
GIED,1
GIEN,1
GIES,0
GIFS,0
GIFT,1
GIGA,5
GIGS,3
GILA,0
GILD,1
GILL,0
GILT,0
GIMP,0
GING,0
GINK,0
GINN,0
GINS,0
GIOS,0
GIPS,5
GIRD,0
GIRL,1
GIRN,0
GIRO,0
GIRR,1
GIRT,2
GISM,0
GIST,0
GITE,0
GITS,0
GIVE,0
GIZZ,0
GJUS,0
GLAD,3
GLAM,6
GLED,3
GLEE,0
GLEG,3
GLEI,0
GLEN,0
GLEY,1
GLIA,0
GLIB,0
GLID,0
GLIM,0
GLIT,4
GLOB,4
GLOM,1
GLOP,0
GLOW,2
GLUE,1
GLUG,1
GLUM,5
GLUT,0
GNAR,2
GNAT,1
GNAW,3
GNOW,0
GNUS,2
GOAD,6
GOAF,2
GOAL,0
GOAS,0
GOAT,2
GOBI,0
GOBO,6
GOBS,3
GOBY,1
GODS,2
GOEL,1
GOER,0
GOES,0
GOEY,1
GOFF,1
GOGO,1
GOJI,2
GOLD,1
GOLE,2
GOLF,0
GOLP,3
GONE,3
GONG,2
GONK,0
GONS,0
GOOD,1
GOOF,0
GOOG,0
GOOK,0
GOOL,0
GOON,0
GOOP,0
GOOR,1
GOOS,0
GORA,0
GORE,0
GORI,2
GORM,0
GORP,1
GORS,11
GORY,0
GOSH,2
GOSS,7
GOTH,5
GOUK,0
GOUT,0
GOVS,1
GOWD,4
GOWF,1
GOWK,1
GOWL,0
GOWN,0
GRAB,6
GRAD,1
GRAM,1
GRAN,9
GRAT,3
GRAV,4
GRAY,4
GREE,0
GREN,0
GREW,3
GREX,0
GREY,0
GRID,1
GRIG,2
GRIM,4
GRIN,0
GRIP,4
GRIS,1
GRIT,2
GRIZ,0
GROG,1
GROK,0
GROT,0
GROW,4
GRRL,0
GRUB,1
GRUE,0
GRUM,0
GUAC,0
GUAN,3
GUAR,0
GUBS,1
GUCK,0
GUDE,2
GUES,0
GUFF,0
GUGA,1
GUID,0
GULA,1
GULE,1
GULF,0
GULL,0
GULP,0
GULS,0
GULY,0
GUMP,1
GUMS,2
GUNG,0
GUNK,0
GUNS,6
GUPS,0
GURL,0
GURN,0
GURS,1
GURU,0
GUSH,0
GUST,3
GUTS,2
GUVS,4
GUYS,0
GYAL,1
GYAN,0
GYBE,1
GYMP,0
GYMS,1
GYNO,1
GYNY,0
GYPO,1
GYPS,0
GYRE,0
GYRI,0
GYRO,2
GYTE,0
GYVE,0
HAAF,4
HAAR,2
HABU,5
HACK,3
HADE,6
HADJ,1
HADS,2
HAED,0
HAEM,3
HAEN,2
HAES,2
HAET,0
HAFF,6
HAFT,10
HAGG,0
HAGS,8
HAHA,4
HAHS,2
HAIK,1
HAIL,0
HAIN,0
HAIR,2
HAJI,0
HAJJ,0
HAKA,1
HAKE,0
HAKU,0
HALE,7
HALF,0
HALL,8
HALM,13
HALO,6
HALT,0
HAME,4
HAMS,2
HAND,0
HANG,0
HANK,0
HANT,4
HAOS,2
HAPS,36
HAPU,7
HARD,0
HARE,2
HARK,0
HARL,0
HARM,0
HARN,8
HARO,5
HARP,8
HART,4
HASH,1
HASK,7
HASP,2
HASS,3
HAST,4
HATE,1
HATH,6
HATS,4
HAUD,0
HAUF,2
HAUL,0
HAUN,0
HAUT,0
HAVE,6
HAWK,2
HAWM,5
HAWS,0
HAYS,2
HAZE,0
HAZY,0
HEAD,1
HEAL,1
HEAP,1
HEAR,0
HEAT,2
HEBE,2
HECH,3
HECK,0
HEED,0
HEEL,0
HEFT,1
HEHS,1
HEID,0
HEIL,0
HEIR,1
HELD,2
HELE,2
HELL,0
HELM,0
HELO,0
HELP,3
HEME,0
HEMP,2
HEMS,0
HEND,0
HENS,2
HENT,0
HEPS,2
HEPT,1
HERB,0
HERD,3
HERE,0
HERL,0
HERM,0
HERN,3
HERO,2
HERS,3
HERY,0
HESP,1
HEST,10
HETE,0
HETH,0
HETS,2
HEWN,0
HEWS,4
HEYS,0
HICK,0
HIDE,1
HIED,0
HIES,0
HIGH,0
HIKE,3
HILA,0
HILD,0
HILI,0
HILL,0
HILT,0
HIMS,2
HIND,0
HING,0
HINS,0
HINT,0
HIOI,0
HIPS,0
HIPT,1
HIRE,0
HISH,0
HISN,1
HISS,0
HIST,4
HITS,0
HIVE,0
HIYA,0
HIZZ,0
HMMM,1
HOAR,0
HOAS,6
HOAX,0
HOBO,0
HOBS,0
HOCK,1
HODS,6
HOED,1
HOER,1
HOES,2
HOGG,1
HOGH,0
HOGS,0
HOHA,0
HOHS,0
HOIK,0
HOIS,1
HOKA,2
HOKE,3
HOKI,0
HOLD,1
HOLE,1
HOLK,5
HOLM,3
HOLO,2
HOLP,0
HOLS,4
HOLT,0
HOLY,0
HOMA,1
HOME,2
HOMO,2
HOMS,0
HOMY,0
HOND,0
HONE,2
HONG,0
HONK,1
HONS,1
HOOD,2
HOOF,0
HOOK,0
HOON,0
HOOP,1
HOOR,1
HOOT,1
HOPE,7
HOPS,0
HORA,2
HORE,2
HORK,0
HORN,1
HORS,1
HOSE,2
HOSS,2
HOST,13
HOTE,0
HOTS,0
HOUF,0
HOUR,0
HOUT,1
HOVE,2
HOWE,2
HOWF,2
HOWK,1
HOWL,3
HOWS,10
HOYA,1
HOYS,0
HUBS,4
HUCK,2
HUED,2
HUER,1
HUES,0
HUFF,0
HUGE,2
HUGS,1
HUGY,0
HUHU,0
HUIA,0
HUIC,0
HUIS,0
HULA,0
HULE,1
HULK,0
HULL,0
HUMA,0
HUMF,0
HUMP,4
HUMS,3
HUNG,0
HUNH,0
HUNK,0
HUNS,0
HUNT,0
HUPS,4
HURL,0
HURT,0
HUSH,0
HUSK,0
HUSO,0
HUSS,4
HUTS,3
HWAN,1
HWYL,0
HYED,0
HYEN,0
HYES,0
HYKE,0
HYLA,0
HYLE,0
HYMN,0
HYPE,1
HYPO,3
HYPS,1
HYTE,1
IAMB,0
IBEX,0
IBIS,0
ICED,0
ICER,5
ICES,5
ICHS,3
ICKS,7
ICKY,0
ICON,1
IDEA,0
IDEE,0
IDEM,2
IDES,2
IDLE,0
IDLY,0
IDOL,2
IDYL,0
IFFY,2
IGAD,1
IGGS,1
IGLU,0
IKAN,8
IKAT,3
IKON,1
ILEA,1
ILEX,0
ILIA,0
ILKA,0
ILKS,6
ILLS,0
ILLY,0
IMAM,2
IMID,2
IMMA,1
IMMY,2
IMPI,0
IMPS,3
INBY,1
INCH,2
INDY,1
INFO,0
INGO,1
INGS,0
INIA,0
INKS,0
INKY,0
INLY,0
INNS,0
INRO,0
INTI,0
INTO,2
INTS,0
IONS,0
IOTA,1
IRED,0
IRES,1
IRID,0
IRIS,1
IRKS,0
IRON,1
ISBA,3
ISIT,1
ISLE,5
ISMS,4
ISNA,3
ISOS,4
ITAS,6
ITCH,0
ITEM,3
IURE,0
IWIS,0
IXIA,0
IZAR,1
JAAP,5
JABS,3
JACK,2
JADE,3
JAFA,0
JAGA,2
JAGG,2
JAGS,0
JAIL,0
JAKE,2
JAKS,6
JAMB,4
JAMS,6
JANE,5
JANN,0
JAPE,3
JAPS,5
JARK,0
JARL,0
JARP,2
JARS,1
JASP,3
JASS,0
JASY,0
JATO,0
JAUK,0
JAUP,0
JAVA,1
JAWS,8
JAXY,0
JAYS,1
JAZY,0
JAZZ,0
JEAN,0
JEAT,1
JEDI,0
JEED,0
JEEL,1
JEEP,0
JEER,0
JEES,1
JEEZ,0
JEFE,0
JEFF,0
JEHU,0
JELL,0
JEON,0
JERK,1
JESS,0
JEST,0
JETE,1
JETS,0
JEUX,0
JIAO,0
JIBB,0
JIBE,1
JIBS,0
JIFF,0
JIGS,0
JILL,0
JILT,3
JIMP,0
JINK,0
JINN,0
JINS,1
JINX,0
JIRD,1
JISM,0
JIVE,0
JIVY,1
JIZZ,0
JOBE,1
JOBS,0
JOCK,3
JOCO,0
JOES,0
JOEY,0
JOGS,1
JOHN,0
JOIN,1
JOKE,0
JOKY,0
JOLE,4
JOLL,0
JOLS,0
JOLT,2
JOMO,1
JONG,1
JOOK,0
JORS,1
JOSH,0
JOSS,9
JOTA,0
JOTS,0
JOUK,0
JOUR,0
JOWL,0
JOWS,0
JOYS,1
JUBA,2
JUBE,0
JUCO,2
JUDO,0
JUDS,0
JUDY,0
JUGA,0
JUGS,1
JUJU,0
JUKE,0
JUKU,0
JUMP,1
JUNK,1
JUPE,0
JURA,1
JURE,0
JURY,0
JUST,0
JUTE,0
JUTS,0
JUVE,0
JYNX,0
KAAL,3
KAAS,3
KABS,8
KACK,0
KADE,6
KADI,1
KAED,1
KAES,1
KAFS,4
KAGO,6
KAGU,1
KAID,1
KAIE,0
KAIF,0
KAIK,1
KAIL,0
KAIM,0
KAIN,0
KAIS,0
KAKA,2
KAKI,1
KAKS,1
KALE,2
KALI,2
KAMA,0
KAME,2
KAMI,3
KANA,1
KANE,1
KANG,0
KANS,1
KANT,2
KAON,1
KAPA,0
KAPH,0
KAPU,0
KARA,5
KARK,8
KARN,0
KARO,5
KART,0
KATA,7
KATI,2
KATS,7
KAVA,2
KAWA,3
KAWS,2
KAYO,1
KAYS,0
KAZI,0
KBAR,4
KEAS,1
KEBS,1
KECK,1
KEDS,4
KEEF,0
KEEK,0
KEEL,1
KEEN,0
KEEP,0
KEET,0
KEFS,0
KEGS,1
KEIR,0
KEKS,1
KELL,0
KELP,13
KELT,0
KEMB,1
KEMP,4
KENO,0
KENS,2
KENT,0
KEPI,1
KEPS,1
KEPT,0
KERB,1
KERF,0
KERN,0
KERO,1
KESH,4
KEST,2
KETA,1
KETE,1
KETO,1
KETS,1
KEWL,0
KEYS,1
KHAF,2
KHAN,3
KHAT,1
KHET,2
KHIS,1
KHOR,0
KHUD,0
KIBE,2
KICK,0
KIDS,0
KIEF,0
KIER,1
KIEV,0
KIFF,3
KIFS,2
KILD,3
KILL,0
KILN,0
KILO,0
KILP,3
KILT,0
KINA,1
KIND,0
KINE,0
KING,1
KINK,0
KINO,0
KINS,0
KIPE,2
KIPP,0
KIPS,2
KIRK,0
KIRN,2
KIRS,0
KISH,0
KISS,1
KIST,0
KITE,1
KITH,0
KITS,0
KIVA,4
KIWI,0
KLAP,2
KLIK,0
KNAG,1
KNAP,0
KNAR,4
KNEE,1
KNEW,0
KNIT,2
KNOB,1
KNOP,0
KNOT,1
KNOW,0
KNUB,0
KNUR,0
KNUT,0
KOAN,0
KOAP,1
KOAS,0
KOBO,1
KOBS,8
KOEL,0
KOFF,1
KOHA,1
KOHL,0
KOIS,1
KOJI,0
KOKA,2
KOLA,2
KOLO,3
KOND,1
KONK,0
KONS,3
KOOK,0
KOPH,0
KOPS,2
KORA,0
KORE,1
KORI,0
KORO,2
KORS,0
KORU,3
KOSS,1
KOTO,0
KOWS,2
KRAB,2
KRAI,0
KRAY,1
KRIS,0
KSAR,3
KUDO,0
KUDU,2
KUEH,0
KUES,0
KUFI,0
KUIA,0
KUKU,0
KULA,4
KUNA,0
KUNE,1
KURI,1
KURU,1
KUTA,0
KUTI,0
KUTU,0
KUZU,0
KVAS,0
KYAK,1
KYAR,0
KYAT,0
KYBO,0
KYES,1
KYLE,0
KYND,0
KYNE,0
KYPE,1
KYTE,0
KYUS,1
LABS,3
LACE,1
LACK,1
LACS,1
LACY,1
LADE,5
LADS,13
LADY,0
LAER,2
LAGS,3
LAHS,2
LAIC,0
LAID,0
LAIK,0
LAIN,2
LAIR,3
LAKE,0
LAKH,3
LAKY,1
LALL,0
LAMA,7
LAMB,1
LAME,1
LAMP,0
LAMS,9
LANA,3
LAND,1
LANE,3
LANG,2
LANK,0
LANT,3
LANX,0
LAPS,12
LARD,0
LARE,4
LARI,2
LARK,12
LARN,1
LARS,0
LASE,6
LASH,3
LASS,10
LAST,8
LATE,4
LATH,1
LATI,4
LATS,3
LATU,0
LAUD,0
LAUF,0
LAVA,0
LAVE,3
LAVS,0
LAWK,2
LAWN,5
LAWS,5
LAYS,1
LAZE,7
LAZO,1
LAZY,0
LEAD,1
LEAF,0
LEAK,2
LEAL,1
LEAM,0
LEAN,1
LEAP,3
LEAR,5
LEAS,1
LEAT,3
LECH,0
LEDE,2
LEED,0
LEEK,0
LEEP,0
LEER,1
LEES,1
LEET,1
LEFT,2
LEGS,5
LEHR,0
LEIR,0
LEIS,0
LEKE,1
LEKS,1
LEKU,0
LEME,2
LEND,0
LENG,0
LENO,1
LENS,1
LENT,0
LEPS,0
LEPT,2
LERE,1
LERP,1
LESS,1
LEST,1
LETS,2
LEUD,0
LEVA,0
LEVE,2
LEVO,0
LEVS,0
LEVY,0
LEWD,0
LEWK,0
LEYS,3
LIAR,1
LIAS,1
LIBS,5
LICE,0
LICH,1
LICK,0
LIDO,1
LIDS,2
LIED,0
LIEF,0
LIEN,0
LIER,1
LIES,0
LIEU,0
LIFE,0
LIFT,4
LIGS,0
LIKE,0
LILL,4
LILO,0
LILT,5
LILY,0
LIMA,1
LIMB,0
LIME,3
LIMN,0
LIMO,0
LIMP,5
LIMY,0
LIND,0
LINE,4
LING,1
LINK,0
LINN,0
LINO,0
LINS,1
LINT,0
LINY,0
LION,0
LIPA,0
LIPE,2
LIPO,2
LIPS,0
LIRA,1
LIRE,7
LIRI,0
LIRK,0
LISK,0
LISP,1
LIST,5
LITE,0
LITH,0
LITS,0
LITU,0
LIVE,0
LOAD,1
LOAF,0
LOAM,5
LOAN,1
LOBE,4
LOBI,3
LOBO,2
LOBS,0
LOCA,1
LOCH,1
LOCI,0
LOCK,0
LOCO,5
LOCS,1
LODE,2
LODS,1
LOFT,2
LOGE,2
LOGO,1
LOGS,10
LOGY,0
LOID,0
LOIN,0
LOIR,0
LOKE,0
LOLL,5
LOLZ,0
LOMA,0
LOME,0
LONE,0
LONG,0
LOOF,0
LOOK,0
LOOM,2
LOON,1
LOOP,0
LOOR,2
LOOS,1
LOOT,1
LOPE,5
LOPS,2
LORD,4
LORE,4
LORN,0
LORY,5
LOSE,2
LOSH,3
LOSS,0
LOST,5
LOTA,8
LOTE,0
LOTH,8
LOTI,1
LOTO,2
LOTS,4
LOUD,0
LOUN,0
LOUP,1
LOUR,0
LOUS,2
LOUT,0
LOVE,0
LOWE,6
LOWN,6
LOWP,1
LOWS,3
LOWT,0
LOYS,3
LUAU,1
LUBE,2
LUCE,1
LUCK,0
LUDE,0
LUDO,9
LUDS,2
LUES,2
LUFF,0
LUGE,1
LUGS,0
LUIT,0
LUKE,0
LULL,0
LULU,0
LULZ,0
LUMA,0
LUMP,1
LUMS,1
LUNA,0
LUNE,2
LUNG,0
LUNK,0
LUNS,0
LUNT,0
LUNY,1
LURE,1
LURK,2
LURS,0
LUSH,0
LUSK,0
LUST,3
LUTE,3
LUTZ,0
LUVS,0
LUXE,0
LWEI,0
LYAM,0
LYCH,0
LYES,0
LYME,0
LYMS,1
LYNE,0
LYNX,0
LYRA,0
LYRE,0
LYSE,0
LYTE,0
MAAR,0
MAAS,5
MABE,3
MACA,3
MACE,5
MACH,7
MACK,8
MACS,5
MADE,20
MADS,2
MAES,2
MAGE,7
MAGG,4
MAGI,3
MAGS,11
MAHA,0
MAID,4
MAIK,1
MAIL,0
MAIM,0
MAIN,1
MAIR,0
MAKE,1
MAKI,2
MAKO,5
MAKS,11
MALA,3
MALE,3
MALI,6
MALL,0
MALM,5
MALS,30
MALT,1
MAMA,2
MAMS,5
MANA,5
MAND,2
MANE,0
MANG,1
MANI,2
MANO,4
MANS,9
MANY,2
MAPS,3
MARA,3
MARC,0
MARD,18
MARE,10
MARG,5
MARK,1
MARL,0
MARM,0
MARS,2
MART,5
MARY,0
MASA,12
MASE,9
MASH,18
MASK,7
MASS,20
MAST,4
MASU,1
MATE,1
MATH,1
MATS,2
MATT,42
MATY,1
MAUD,0
MAUL,1
MAUN,5
MAUT,0
MAWK,1
MAWN,1
MAWR,0
MAWS,6
MAXI,0
MAYA,4
MAYO,3
MAYS,1
MAZE,1
MAZY,0
MEAD,6
MEAL,0
MEAN,0
MEAT,2
MECH,0
MECK,0
MEDS,2
MEED,0
MEEK,2
MEER,1
MEES,1
MEET,0
MEFF,1
MEGA,0
MEGS,1
MEIN,1
MELA,2
MELD,2
MELL,0
MELS,2
MELT,3
MEME,2
MEMO,3
MEMS,3
MEND,2
MENE,1
MENG,0
MENO,1
MENT,0
MENU,1
MEOU,0
MEOW,0
MERC,3
MERE,0
MERI,2
MERK,0
MERL,0
MESA,2
MESE,1
MESH,2
MESS,1
META,6
METE,1
METH,0
METS,0
MEUS,3
MEVE,2
MEWL,1
MEWS,0
MEZE,0
MEZZ,1
MHOS,1
MIBS,1
MICA,1
MICE,0
MICH,3
MICO,1
MICS,2
MIDI,6
MIDS,1
MIEN,0
MIFF,0
MIGG,0
MIGS,0
MIHA,3
MIHI,0
MIKE,1
MILD,9
MILE,3
MILF,0
MILK,0
MILL,0
MILO,5
MILS,4
MILT,3
MIME,2
MINA,0
MIND,0
MINE,1
MING,3
MINI,1
MINK,2
MINO,0
MINT,2
MINX,0
MINY,4
MIPS,0
MIRE,0
MIRI,0
MIRK,3
MIRO,0
MIRS,4
MIRV,0
MIRY,0
MISE,1
MISO,1
MISS,3
MIST,4
MITE,0
MITT,1
MITY,0
MIXT,0
MIXY,0
MIZZ,0
MNAS,1
MOAI,0
MOAN,0
MOAS,2
MOAT,1
MOBE,3
MOBO,4
MOBS,2
MOBY,2
MOCH,0
MOCK,2
MOCS,0
MODE,2
MODI,2
MODS,5
MOER,1
MOES,0
MOFO,3
MOGS,2
MOHO,0
MOHR,0
MOIL,1
MOIT,0
MOJO,2
MOKE,2
MOKI,1
MOKO,3
MOLA,1
MOLD,9
MOLE,0
MOLL,3
MOLS,0
MOLT,5
MOLY,3
MOME,5
MOMI,0
MOMS,12
MONA,1
MONG,1
MONK,0
MONO,0
MONS,3
MONY,2
MOOD,1
MOOI,0
MOOK,0
MOOL,0
MOON,2
MOOP,1
MOOR,3
MOOS,2
MOOT,2
MOPE,12
MOPS,0
MOPY,0
MORA,1
MORE,3
MORN,1
MORS,0
MORT,0
MOSE,3
MOSH,3
MOSK,0
MOSS,0
MOST,3
MOTE,1
MOTH,0
MOTI,0
MOTS,0
MOTT,3
MOTU,0
MOUE,2
MOUP,0
MOUS,0
MOVE,2
MOWA,2
MOWN,0
MOWS,1
MOXA,0
MOYA,1
MOYL,0
MOYS,4
MOZE,1
MOZO,0
MOZZ,0
MPOX,0
MUCH,0
MUCK,0
MUDS,8
MUFF,1
MUGG,1
MUGS,0
MUID,0
MUIL,1
MUIR,0
MULE,2
MULL,0
MUMM,4
MUMP,3
MUMS,0
MUMU,0
MUNG,1
MUNI,1
MUNS,2
MUON,1
MURA,2
MURE,3
MURK,2
MURL,8
MURR,0
MUSE,2
MUSH,3
MUSK,2
MUSO,4
MUSS,0
MUST,0
MUTE,2
MUTI,2
MUTS,8
MUTT,2
MUZZ,1
MWAH,0
MYAL,2
MYCS,0
MYNA,0
MYTH,0
MYXO,0
MZEE,0
NAAM,1
NAAN,1
NABE,8
NABK,1
NABS,1
NACH,0
NADA,4
NADS,3
NAES,1
NAFF,5
NAGA,1
NAGS,4
NAIF,0
NAIK,0
NAIL,0
NAIN,0
NALA,0
NAME,8
NAMS,3
NAMU,0
NANA,6
NANE,5
NANG,0
NANO,0
NANS,1
NAOI,0
NAOS,3
NAPA,5
NAPE,9
NAPS,5
NARC,2
NARD,0
NARE,1
NARK,2
NARY,0
NATS,8
NAVE,1
NAVS,12
NAVY,2
NAYS,3
NAZE,0
NAZI,0
NEAL,0
NEAP,3
NEAR,2
NEAT,0
NEBS,1
NECK,0
NEDS,3
NEED,0
NEEM,1
NEEP,0
NEFS,0
NEGS,2
NEIF,0
NEKS,1
NEMA,0
NEMN,0
NENE,1
NEON,0
NEPS,0
NERD,0
NERF,0
NERK,0
NESH,0
NESS,3
NEST,2
NETE,3
NETS,0
NETT,0
NEUK,1
NEUM,0
NEVE,1
NEVI,1
NEWB,0
NEWS,0
NEWT,2
NEXT,0
NGAI,0
NIBS,1
NICE,0
NICK,0
NIDE,6
NIDI,1
NIDS,0
NIED,0
NIEF,0
NIES,0
NIFE,3
NIFF,0
NIGH,0
NILL,1
NILS,0
NIMB,2
NIMS,0
NINE,0
NIPA,1
NIPS,7
NIRL,0
NISH,0
NISI,1
NITE,0
NITS,0
NIXE,0
NIXY,0
NOAH,1
NOBS,0
NOCK,1
NODE,0
NODI,2
NODS,1
NOEL,1
NOES,0
NOGG,2
NOGS,0
NOIL,1
NOIR,2
NOLE,2
NOLL,0
NOLO,1
NOMA,0
NOME,1
NOMS,0
NONA,0
NONE,1
NONG,0
NONI,1
NOOB,1
NOOK,0
NOON,0
NOOP,1
NOPE,4
NORI,1
NORK,2
NORM,3
NOSE,1
NOSH,2
NOSY,1
NOTA,3
NOTE,2
NOTT,3
NOUL,2
NOUN,0
NOUP,0
NOUS,0
NOUT,0
NOVA,1
NOWL,0
NOWN,0
NOWS,1
NOWT,2
NOWY,0
NOYS,0
NUBS,0
NUDE,3
NUFF,0
NUGS,0
NUKE,2
NULL,0
NUMB,0
NUNS,2
NURD,0
NURL,1
NURR,2
NURS,0
NUTS,4
NYAH,0
NYAS,0
NYED,1
NYES,0
OAFS,0
OAKS,0
OAKY,0
OARS,0
OARY,0
OAST,4
OATH,10
OATS,1
OATY,0
OBAS,10
OBES,2
OBEY,0
OBIA,0
OBIS,6
OBIT,3
OBOE,1
OBOL,3
OBOS,6
OBVS,3
OCAS,8
OCCY,1
OCHE,2
OCTA,13
ODAH,5
ODAL,12
ODAS,11
ODDS,2
ODEA,2
ODES,7
ODIC,5
ODOR,3
ODSO,4
ODYL,1
OFFA,3
OFFS,5
OFFY,0
OGAM,7
OGEE,3
OGLE,2
OGRE,4
OHED,3
OHIA,0
OHMS,3
OIKS,1
OILS,0
OILY,0
OINK,0
OINT,0
OKAS,4
OKAY,1
OKEH,0
OKES,1
OKRA,4
OKTA,0
OLDE,2
OLDS,5
OLDY,1
OLEA,1
OLEO,0
OLES,1
OLID,3
OLIO,0
OLLA,1
OLMS,4
OLPE,6
OMAS,5
OMBU,1
OMEN,0
OMER,5
OMIT,3
OMOV,3
ONCE,2
ONER,0
ONES,5
ONIE,0
ONLY,0
ONOS,0
ONST,7
ONTO,1
ONUS,0
ONYX,0
OOFS,0
OOFY,0
OOHS,0
OOMS,2
OONS,0
OONT,0
OOPS,0
OOSE,0
OOSY,2
OOTS,0
OOZE,0
OOZY,0
OPAH,12
OPAL,9
OPAS,5
OPED,3
OPEN,1
OPES,9
OPPO,2
OPTS,6
OPUS,1
ORAD,11
ORAL,6
ORBS,6
ORBY,0
ORCA,1
ORCS,11
ORDO,0
ORDS,6
ORES,5
ORFE,3
ORFS,2
ORGS,1
ORGY,1
ORLE,4
ORRA,3
ORTS,3
ORYX,0
ORZO,0
OSAR,12
OSES,5
OSSA,7
OTIC,1
OTTO,10
OUCH,0
OUDS,0
OUKS,0
OULD,0
OULK,0
OUMA,0
OUPA,1
OUPH,0
OUPS,2
OURN,0
OURS,0
OUST,1
OUTA,0
OUTS,2
OUZO,0
OVAL,0
OVEL,1
OVEN,3
OVER,1
OVUM,1
OWED,0
OWER,1
OWES,2
OWIE,0
OWLS,0
OWLY,2
OWNS,1
OWRE,0
OWSE,2
OWTS,9
OXEN,0
OXER,0
OXES,0
OXIC,0
OXID,0
OXIM,0
OYER,0
OYES,1
OYEZ,0
PAAL,1
PAAN,5
PACA,12
PACE,1
PACK,1
PACO,0
PACS,11
PACT,4
PACY,0
PADI,3
PADS,7
PAGE,8
PAHS,0
PAID,2
PAIK,2
PAIL,0
PAIN,2
PAIR,0
PAIS,1
PAKS,0
PALE,8
PALI,3
PALL,2
PALM,0
PALP,2
PALS,13
PALY,4
PAMS,2
PAND,3
PANE,1
PANG,0
PANS,0
PANT,1
PAPA,14
PAPE,5
PAPS,3
PARA,5
PARD,0
PARE,2
PARK,7
PARM,0
PARP,2
PARR,0
PARS,1
PART,6
PASE,6
PASH,8
PASS,2
PAST,2
PATE,7
PATH,4
PATS,1
PATU,4
PATY,1
PAUA,0
PAUL,2
PAVE,1
PAVS,2
PAWA,1
PAWK,13
PAWL,0
PAWN,1
PAWS,15
PAYS,0
PEAG,0
PEAK,1
PEAL,0
PEAN,1
PEAR,0
PEAS,3
PEAT,0
PEBA,1
PECH,5
PECK,2
PECS,6
PEDI,0
PEDS,5
PEED,0
PEEK,1
PEEL,1
PEEN,1
PEEP,1
PEER,3
PEES,0
PEGH,0
PEGS,0
PEHS,1
PEIN,1
PEKE,0
PELA,6
PELE,0
PELF,0
PELL,2
PELS,2
PELT,3
PEND,0
PENE,0
PENG,0
PENI,2
PENK,0
PENS,1
PENT,0
PEON,0
PEPO,1
PEPS,0
PERC,3
PERE,1
PERI,1
PERK,0
PERM,2
PERN,0
PERP,3
PERT,0
PERV,3
PESO,5
PEST,0
PETS,2
PEWS,0
PFFT,3
PFUI,2
PHAT,3
PHEO,0
PHEW,7
PHIS,2
PHIZ,0
PHOH,0
PHON,0
PHOS,0
PHOT,3
PHUT,2
PIAL,3
PIAN,1
PIAS,0
PICA,1
PICE,1
PICK,5
PICS,1
PIED,0
PIER,0
PIES,0
PIET,0
PIGS,0
PIKA,3
PIKE,0
PIKI,0
PILA,0
PILE,0
PILI,0
PILL,0
PILY,0
PIMA,1
PIMP,0
PINA,0
PINE,1
PING,0
PINK,0
PINS,0
PINT,0
PINY,0
PION,0
PIOY,1
PIPA,2
PIPE,0
PIPI,3
PIPS,1
PIPY,0
PIRL,0
PIRN,0
PIRS,2
PISE,2
PISH,1
PISO,0
PISS,1
PITA,2
PITH,10
PITS,3
PITY,0
PIUM,2
PIXY,0
PIZE,0
PLAN,4
PLAP,6
PLAT,3
PLAY,0
PLEA,2
PLEB,3
PLED,3
PLEW,0
PLEX,0
PLIE,0
PLIM,1
PLOD,2
PLOP,5
PLOT,0
PLOW,2
PLOY,1
PLUE,0
PLUG,1
PLUM,1
PLUS,0
POAS,2
POCK,2
POCO,2
PODS,6
POEM,1
POEP,1
POET,4
POGO,7
POGY,0
POHS,6
POIS,0
POKE,1
POKY,1
POLE,3
POLK,0
POLL,1
POLO,4
POLS,2
POLT,4
POLY,0
POME,2
POMO,2
POMP,0
POMS,2
POND,0
PONE,0
PONG,1
PONK,0
PONS,1
PONT,1
PONY,0
POOD,0
POOF,0
POOH,0
POOK,0
POOL,0
POON,1
POOP,0
POOR,1
POOS,3
POOT,2
POPE,1
POPS,3
PORE,0
PORK,1
PORN,0
PORT,1
PORY,0
POSE,5
POSH,3
POSS,4
POST,1
POSY,4
POTE,5
POTS,3
POTT,0
POUF,0
POUK,0
POUR,0
POUT,0
POWN,0
POWS,5
POXY,0
POZZ,0
PRAD,0
PRAM,3
PRAO,2
PRAT,2
PRAU,1
PRAY,0
PREE,0
PREM,2
PREP,1
PREX,0
PREY,0
PREZ,0
PRIG,2
PRIM,3
PROA,0
PROB,3
PROD,0
PROF,2
PROG,0
PROM,0
PROO,3
PROP,1
PROS,2
PROW,1
PRUH,1
PRYS,3
PSIS,4
PSST,3
PTUI,0
PUBE,0
PUBS,4
PUCE,1
PUCK,0
PUDS,3
PUDU,1
PUER,0
PUFF,0
PUGH,0
PUGS,0
PUHA,0
PUIR,0
PUJA,0
PUKA,1
PUKE,0
PUKU,0
PUKY,0
PULA,1
PULE,3
PULI,0
PULK,0
PULL,2
PULP,2
PULS,4
PULU,0
PULY,0
PUMA,0
PUMP,1
PUMY,0
PUNA,4
PUNG,1
PUNK,0
PUNS,0
PUNT,5
PUNY,0
PUPA,2
PUPS,3
PUPU,0
PURE,0
PURI,1
PURL,0
PURR,4
PURS,2
PUSH,4
PUSS,3
PUTS,4
PUTT,0
PUTZ,0
PUYS,0
PWNS,1
PYAS,1
PYAT,2
PYES,0
PYET,0
PYIC,0
PYIN,0
PYNE,0
PYOT,0
PYRE,0
PYRO,0
QADI,0
QAID,1
QATS,0
QINS,0
QOPH,0
QUAD,1
QUAG,0
QUAI,0
QUAT,0
QUAY,0
QUEP,0
QUEY,0
QUID,0
QUIM,0
QUIN,1
QUIP,0
QUIT,0
QUIZ,0
QUOD,0
QUOP,0
RABI,3
RACA,0
RACE,4
RACH,17
RACK,5
RACY,2
RADE,6
RADS,16
RAFF,1
RAFT,9
RAGA,6
RAGE,0
RAGG,8
RAGI,2
RAGS,7
RAGU,0
RAHS,0
RAIA,0
RAID,0
RAIK,1
RAIL,3
RAIN,1
RAIS,2
RAIT,1
RAJA,0
RAKE,7
RAKI,0
RAKU,1
RALE,4
RAMI,3
RAMP,3
RAMS,0
RANA,1
RAND,0
RANG,1
RANI,1
RANK,0
RANT,1
RAPE,3
RAPS,1
RAPT,0
RARE,2
RARK,10
RASE,7
RASH,8
RASP,5
RAST,4
RATA,5
RATE,11
RATH,16
RATO,5
RATS,1
RATU,0
RAUN,2
RAVE,1
RAVS,7
RAWN,3
RAWS,0
RAYA,2
RAYS,0
RAZE,1
RAZZ,2
READ,1
REAK,0
REAL,2
REAM,1
REAN,3
REAP,1
REAR,0
REBS,7
RECK,0
RECS,1
REDD,2
REDE,0
REDO,0
REDS,1
REED,0
REEF,0
REEK,1
REEL,0
REEN,0
REES,1
REFI,1
REFS,1
REFT,0
REGO,0
REGS,1
REHS,1
REIF,0
REIK,0
REIN,0
REIS,0
REKE,1
RELY,0
REMS,0
REND,0
RENK,0
RENO,0
RENS,1
RENT,0
RENY,1
REOS,0
REPO,3
REPP,3
REPS,0
RESH,1
REST,1
RETE,1
RETS,3
REVS,1
REWS,1
RHEA,0
RHOS,0
RHUS,0
RIAD,0
RIAL,0
RIAS,1
RIBA,1
RIBS,3
RICE,0
RICH,1
RICK,4
RICY,0
RIDE,0
RIDS,0
RIEL,0
RIEM,1
RIFE,0
RIFF,1
RIFS,3
RIFT,0
RIGG,0
RIGS,1
RILE,1
RILL,0
RIMA,1
RIME,2
RIMS,9
RIMU,1
RIMY,0
RIND,2
RINE,0
RING,4
RINK,0
RINS,1
RIOT,1
RIPE,1
RIPP,1
RIPS,6
RIPT,0
RISE,1
RISK,2
RISP,2
RITE,0
RITS,2
RITT,0
RITZ,0
RIVA,2
RIVE,1
RIVO,0
RIZA,0
ROAD,0
ROAM,2
ROAN,0
ROAR,5
ROBE,4
ROBS,3
ROCH,0
ROCK,2
ROCS,9
RODE,3
RODS,5
ROED,2
ROES,0
ROHE,2
ROID,0
ROIL,0
ROIN,0
ROJI,0
ROKE,3
ROKS,0
ROKY,0
ROLE,0
ROLF,0
ROLL,0
ROMA,7
ROMP,4
ROMS,0
RONA,4
RONE,3
RONG,1
RONT,0
RONZ,0
ROOD,0
ROOF,0
ROOK,0
ROOM,1
ROON,0
ROOP,0
ROOS,0
ROOT,0
ROPE,4
ROPY,0
RORE,6
RORT,2
RORY,0
ROSE,4
ROST,10
ROSY,0
ROTA,2
ROTE,2
ROTI,1
ROTL,0
ROTO,0
ROTS,0
ROUE,0
ROUL,0
ROUM,0
ROUP,0
ROUT,0
ROUX,0
ROVE,2
ROWS,8
ROWT,3
RUBE,0
RUBS,0
RUBY,0
RUCK,0
RUCS,1
RUDD,3
RUDE,0
RUDI,0
RUDS,3
RUDY,0
RUED,0
RUER,1
RUES,0
RUFF,0
RUGA,1
RUGS,2
RUIN,0
RUKH,0
RULE,0
RULY,0
RUME,0
RUMP,0
RUMS,3
RUND,1
RUNE,0
RUNG,1
RUNS,1
RUNT,0
RURP,0
RURU,0
RUSA,1
RUSE,0
RUSH,0
RUSK,0
RUST,0
RUTH,0
RUTS,0
RYAL,0
RYAS,1
RYES,1
RYFE,0
RYKE,0
RYND,0
RYOT,0
RYPE,0
RYUS,0
SAAG,10
SABE,6
SABS,11
SACK,5
SACS,8
SADE,10
SADI,0
SADO,6
SADS,12
SAFE,7
SAFT,3
SAGA,4
SAGE,7
SAGO,5
SAGS,1
SAGY,3
SAIC,3
SAID,3
SAIL,0
SAIM,0
SAIN,2
SAIR,1
SAIS,2
SAKE,7
SAKI,1
SALE,7
SALL,3
SALP,0
SALS,0
SALT,2
SAMA,6
SAME,7
SAMP,8
SAMS,13
SAND,10
SANE,1
SANG,4
SANK,4
SANS,10
SANT,5
SAPS,7
SARD,1
SARI,3
SARK,3
SARS,7
SASH,10
SASS,12
SATE,4
SATI,13
SAUL,1
SAUT,0
SAVE,5
SAVS,6
SAWN,3
SAWS,3
SAXE,0
SAYS,2
SCAB,17
SCAD,8
SCAG,14
SCAM,9
SCAN,7
SCAR,2
SCAT,10
SCAW,9
SCOG,4
SCOP,8
SCOT,12
SCOW,5
SCRY,1
SCUD,3
SCUG,3
SCUL,1
SCUM,5
SCUP,4
SCUR,6
SCUT,3
SCYE,2
SEAL,3
SEAM,8
SEAN,4
SEAR,6
SEAS,1
SEAT,5
SEAX,0
SECH,4
SECO,2
SECS,3
SECT,0
SEED,0
SEEK,0
SEEL,1
SEEM,1
SEEN,0
SEEP,2
SEER,1
SEES,1
SEGO,3
SEGS,1
SEIF,1
SEIK,0
SEIL,0
SEIR,0
SEIS,0
SEKT,1
SELD,0
SELE,3
SELF,5
SELL,2
SELS,1
SEME,8
SEMI,5
SENA,1
SEND,0
SENE,1
SENS,0
SENT,0
SEPS,1
SEPT,0
SERA,2
SERE,1
SERF,0
SERK,1
SERR,2
SERS,1
SESE,4
SESH,5
SESS,4
SETA,6
SETS,6
SETT,4
SEVS,1
SEWN,1
SEWS,4
SEXT,0
SEXY,0
SEYS,0
SHAD,6
SHAG,2
SHAH,9
SHAM,21
SHAN,4
SHAT,9
SHAW,3
SHAY,6
SHEA,3
SHED,4
SHEN,1
SHES,4
SHET,7
SHEW,1
SHHH,0
SHIM,1
SHIN,3
SHIP,5
SHIR,3
SHIT,2
SHIV,1
SHMO,1
SHOD,3
SHOE,2
SHOG,1
SHOO,4
SHOP,12
SHOT,9
SHOW,2
SHRI,0
SHUL,3
SHUN,5
SHUT,3
SHWA,1
SIAL,0
SIBB,0
SIBS,5
SICE,2
SICH,0
SICK,5
SICS,1
SIDA,0
SIDE,0
SIDH,5
SIEN,0
SIES,0
SIFT,0
SIGH,1
SIGN,0
SIGS,2
SIJO,1
SIKA,0
SIKE,3
SILD,0
SILE,1
SILK,1
SILL,1
SILO,0
SILT,0
SIMA,1
SIMI,0
SIMP,1
SIMS,2
SIND,0
SINE,1
SING,1
SINH,0
SINK,1
SINS,2
SIPE,0
SIPS,0
SIRE,2
SIRI,2
SIRS,0
SISS,2
SIST,0
SITE,2
SITH,3
SITS,2
SITZ,0
SIZE,1
SIZY,0
SJOE,3
SKAG,6
SKAS,24
SKAT,18
SKAW,20
SKED,4
SKEE,4
SKEG,4
SKEN,4
SKEO,1
SKEP,13
SKER,3
SKET,5
SKEW,5
SKID,0
SKIM,7
SKIN,2
SKIO,2
SKIP,10
SKIS,7
SKIT,4
SKOG,9
SKOL,3
SKRY,0
SKUA,0
SKUG,5
SKYF,0
SKYR,1
SLAB,20
SLAE,1
SLAG,8
SLAM,19
SLAP,13
SLAT,16
SLAW,9
SLAY,6
SLEB,8
SLED,7
SLEE,5
SLEW,7
SLEY,2
SLID,0
SLIM,7
SLIP,10
SLIT,5
SLOB,7
SLOE,7
SLOG,10
SLOP,13
SLOT,3
SLOW,5
SLUB,6
SLUE,1
SLUG,3
SLUM,3
SLUR,3
SLUT,1
SMEE,6
SMEW,10
SMIR,3
SMIT,8
SMOG,5
SMUG,3
SMUR,8
SMUT,1
SNAB,10
SNAG,9
SNAP,4
SNAR,11
SNAW,5
SNEB,1
SNED,0
SNEE,1
SNIB,3
SNIG,4
SNIP,3
SNIT,6
SNOB,4
SNOD,6
SNOG,3
SNOT,3
SNOW,7
SNUB,0
SNUG,2
SNYE,1
SOAK,2
SOAP,1
SOAR,2
SOBA,10
SOBS,5
SOCA,2
SOCK,2
SOCS,8
SODA,3
SODS,11
SOFA,4
SOFT,2
SOGS,2
SOHO,2
SOHS,5
SOIL,0
SOJA,3
SOJU,0
SOKE,5
SOLA,1
SOLD,0
SOLE,4
SOLI,0
SOLO,2
SOLS,2
SOMA,1
SOME,3
SOMS,5
SOMY,0
SONE,2
SONG,2
SONS,1
SOOK,1
SOOL,2
SOOM,2
SOON,1
SOOP,0
SOOT,1
SOPH,4
SOPS,2
SORA,2
SORB,0
SORD,2
SORE,0
SORI,0
SORN,1
SORT,7
SOSS,3
SOTH,1
SOTS,11
SOUK,0
SOUL,0
SOUM,2
SOUP,0
SOUR,1
SOUS,0
SOUT,3
SOVS,0
SOWF,6
SOWL,8
SOWM,0
SOWN,0
SOWP,1
SOWS,4
SOYA,1
SOYS,1
SPAE,7
SPAG,10
SPAM,16
SPAN,5
SPAR,19
SPAS,39
SPAT,23
SPAW,20
SPAY,1
SPEC,3
SPED,2
SPEK,2
SPET,1
SPEW,3
SPIE,1
SPIF,4
SPIM,5
SPIN,3
SPIT,0
SPIV,0
SPOD,4
SPOT,7
SPRY,0
SPUD,4
SPUE,2
SPUG,2
SPUN,3
SPUR,1
SRIS,6
STAB,10
STAG,25
STAN,4
STAP,13
STAR,10
STAT,43
STAW,17
STAY,4
STED,7
STEM,16
STEN,1
STEP,8
STET,14
STEW,10
STEY,7
STIE,1
STIM,0
STIR,1
STOA,4
STOB,8
STOP,5
STOT,8
STOW,17
STUB,9
STUD,5
STUM,4
STUN,3
STYE,3
SUBA,1
SUBS,0
SUCH,0
SUCK,1
SUDD,0
SUDS,0
SUED,2
SUER,0
SUES,1
SUET,0
SUGH,1
SUGO,0
SUGS,0
SUID,0
SUIT,0
SUKH,1
SUKS,0
SULK,0
SULU,0
SUMI,0
SUMO,0
SUMP,6
SUMS,1
SUMY,0
SUNG,1
SUNI,1
SUNK,0
SUNN,0
SUNS,0
SUPE,6
SUPS,1
SUQS,0
SURA,1
SURD,0
SURE,2
SURF,0
SUSS,3
SUSU,0
SWAB,13
SWAD,14
SWAG,9
SWAM,6
SWAN,2
SWAP,8
SWAT,10
SWAY,1
SWEE,0
SWEY,1
SWIG,0
SWIM,1
SWIZ,0
SWOB,4
SWOP,2
SWOT,2
SWUM,2
SYBO,1
SYCE,2
SYED,0
SYEN,1
SYES,3
SYKE,0
SYLI,3
SYNC,1
SYND,0
SYNE,0
SYPE,1
SYPH,1
TAAL,0
TABI,8
TABS,1
TABU,2
TACE,4
TACH,0
TACK,2
TACO,5
TACT,14
TADS,3
TAED,3
TAEL,0
TAES,3
TAGS,0
TAHA,3
TAHR,0
TAIL,1
TAIN,2
TAIS,0
TAIT,0
TAKA,1
TAKE,4
TAKI,1
TAKS,1
TAKY,3
TALA,2
TALC,3
TALE,3
TALI,5
TALK,0
TALL,0
TAME,3
TAMP,25
TAMS,8
TANA,2
TANE,5
TANG,0
TANH,4
TANK,1
TANS,3
TAOS,5
TAPA,11
TAPE,4
TAPS,0
TAPU,5
TARA,6
TARE,15
TARN,1
TARO,5
TARP,1
TARS,4
TART,0
TASE,6
TASH,6
TASK,2
TASS,24
TATE,4
TATH,10
TATS,3
TATT,1
TATU,6
TAUS,2
TAUT,1
TAVA,1
TAVS,1
TAWA,15
TAWS,7
TAWT,4
TAXA,0
TAXI,0
TAYS,7
TEAD,2
TEAK,1
TEAL,3
TEAM,0
TEAR,0
TEAS,1
TEAT,4
TECH,2
TECS,4
TEDS,0
TEDY,1
TEED,0
TEEK,0
TEEL,2
TEEM,2
TEEN,0
TEER,0
TEES,1
TEFF,4
TEFS,3
TEGG,4
TEGS,0
TEGU,1
TEHR,0
TEIL,1
TEIN,0
TELA,5
TELD,0
TELE,0
TELL,0
TELS,2
TELT,2
TEME,0
TEMP,1
TEMS,2
TEND,0
TENE,0
TENS,0
TENT,5
TEPA,5
TERF,1
TERM,0
TERN,0
TEST,12
TETE,4
TETH,0
TETS,2
TEWS,0
TEXT,0
THAE,0
THAN,8
THAR,1
THAT,4
THAW,3
THEE,3
THEM,0
THEN,0
THEW,0
THEY,1
THIG,0
THIN,0
THIO,0
THIR,0
THIS,3
THON,3
THOU,1
THRO,1
THRU,0
THUD,0
THUG,3
THUS,4
TIAN,2
TIAR,2
TICE,4
TICH,0
TICK,0
TICS,0
TIDE,3
TIDS,1
TIDY,0
TIED,0
TIER,0
TIES,0
TIFF,0
TIFO,0
TIFT,2
TIGE,2
TIGS,1
TIKA,0
TIKE,1
TIKI,0
TIKS,0
TILE,5
TILL,2
TILS,1
TILT,10
TIME,1
TINA,0
TIND,0
TINE,0
TING,2
TINK,1
TINS,0
TINT,1
TINY,0
TIPI,0
TIPS,5
TIPT,0
TIRE,0
TIRL,1
TIRO,1
TIRR,0
TITE,1
TITI,0
TITS,2
TIVY,1
TIYN,0
TIZZ,0
TOAD,4
TOBY,2
TOCK,2
TOCO,2
TOCS,5
TODS,4
TODY,0
TOEA,1
TOED,1
TOES,2
TOEY,0
TOFF,2
TOFT,3
TOFU,0
TOGA,4
TOGE,1
TOGS,5
TOHO,0
TOIL,1
TOIT,0
TOKE,2
TOKO,1
TOLA,1
TOLD,2
TOLE,0
TOLL,0
TOLT,3
TOLU,2
TOMB,0
TOME,4
TOMO,1
TOMS,0
TONE,1
TONG,1
TONK,0
TONS,0
TONY,0
TOOK,0
TOOL,0
TOOM,0
TOON,0
TOOT,0
TOPE,11
TOPH,2
TOPI,1
TOPO,2
TOPS,0
TORA,0
TORC,1
TORE,1
TORI,1
TORN,0
TORO,2
TORR,0
TORS,3
TORT,1
TORY,0
TOSA,1
TOSE,1
TOSH,11
TOSS,0
TOST,0
TOTE,1
TOTS,1
TOUK,1
TOUN,0
TOUR,1
TOUT,2
TOWN,2
TOWS,3
TOWT,9
TOWY,0
TOYO,3
TOYS,0
TOZE,0
TRAD,7
TRAM,6
TRAP,22
TRAT,1
TRAY,1
TREE,0
TREF,1
TREK,0
TREM,0
TRES,1
TRET,1
TREW,3
TREY,1
TREZ,0
TRIE,0
TRIG,0
TRIM,0
TRIN,1
TRIO,0
TRIP,0
TROD,0
TROG,0
TRON,0
TROP,1
TROT,2
TROU,0
TROW,2
TROY,0
TRUE,1
TRUG,1
TRYE,0
TRYP,3
TSAR,3
TSKS,4
TUAN,0
TUBA,0
TUBE,2
TUBS,1
TUCK,2
TUFA,0
TUFF,0
TUFT,6
TUGS,2
TUIS,1
TULE,2
TUMP,3
TUMS,0
TUNA,0
TUND,0
TUNE,0
TUNG,0
TUNS,1
TUNY,0
TUPS,2
TURD,0
TURF,1
TURK,1
TURM,3
TURN,0
TURR,0
TUSH,0
TUSK,1
TUTS,1
TUTU,0
TUZZ,0
TWAE,0
TWAL,3
TWAS,5
TWAT,5
TWAY,0
TWEE,0
TWIG,2
TWIN,0
TWIT,0
TWOS,0
TYDE,0
TYED,0
TYEE,0
TYER,0
TYES,0
TYGS,1
TYIN,0
TYKE,0
TYMP,0
TYND,1
TYNE,1
TYPE,1
TYPO,0
TYPP,1
TYPY,0
TYRE,0
TYRO,1
TYTE,1
TZAR,4
UDAL,3
UDON,3
UDOS,2
UEYS,0
UFOS,1
UGHS,1
UGLY,0
UKES,1
ULAN,2
ULES,0
ULEX,0
ULNA,0
ULUS,2
ULVA,0
UMBO,3
UMES,0
UMMA,1
UMPH,4
UMPS,3
UMPY,2
UMRA,2
UMUS,1
UNAI,0
UNAU,0
UNBE,0
UNCE,1
UNCI,0
UNCO,2
UNDE,0
UNDO,0
UNDY,0
UNIS,1
UNIT,0
UNTO,1
UPAS,6
UPBY,0
UPDO,1
UPGO,2
UPON,0
UPSY,2
UPTA,2
URAO,2
URBS,7
URDE,0
URDS,4
URDY,0
UREA,0
URES,0
URGE,2
URIC,0
URNS,1
URPS,0
URSA,0
URUS,2
URVA,2
USED,1
USER,2
USES,5
UTAS,3
UTES,0
UTIS,0
UTUS,0
UVAE,0
UVAS,5
UVEA,1
VACS,4
VADE,2
VAES,0
VAGI,1
VAGS,4
VAIL,0
VAIN,0
VAIR,0
VALE,2
VALI,0
VAMP,1
VANE,2
VANG,4
VANS,7
VANT,0
VAPE,8
VARA,1
VARE,2
VARS,0
VARY,0
VASA,2
VASE,5
VAST,0
VATS,3
VATU,2
VAUS,1
VAUT,1
VAVS,1
VAWS,0
VAXX,0
VEAL,1
VEEP,0
VEER,0
VEES,0
VEGA,1
VEGO,0
VEHM,0
VEIL,0
VEIN,0
VELA,0
VELD,0
VELE,1
VELL,0
VENA,1
VEND,0
VENT,0
VERA,1
VERB,0
VERD,0
VERS,0
VERT,2
VERY,1
VEST,0
VETO,0
VETS,1
VEXT,0
VIAE,0
VIAL,0
VIAS,0
VIBE,2
VIBS,0
VICE,1
VIDE,0
VIDS,0
VIED,0
VIER,0
VIES,0
VIEW,0
VIFF,0
VIGA,3
VIGS,0
VILD,0
VILE,1
VILL,0
VIMS,0
VINA,0
VINE,1
VINO,0
VINS,0
VINT,0
VINY,0
VIOL,0
VIRE,2
VIRL,0
VISA,0
VISE,0
VITA,0
VITE,0
VIVA,0
VIVE,1
VIVO,1
VIZY,0
VLEI,0
VLOG,0
VOAR,1
VOES,0
VOGS,1
VOID,0
VOIP,0
VOLA,1
VOLE,1
VOLK,0
VOLS,1
VOLT,4
VOMS,3
VORS,0
VOTE,1
VOWS,0
VRIL,0
VROT,0
VROU,0
VROW,0
VUGG,0
VUGH,0
VUGS,0
VULN,0
VUMS,0
WAAC,7
WAAH,5
WABS,13
WACK,1
WADD,3
WADE,6
WADI,0
WADS,2
WADT,3
WADY,4
WAES,6
WAFF,2
WAFT,13
WAGE,1
WAGS,11
WAID,0
WAIF,1
WAIL,1
WAIN,2
WAIR,2
WAIS,0
WAIT,0
WAKA,7
WAKE,1
WAKF,1
WALD,0
WALE,0
WALI,2
WALK,0
WALL,0
WALY,0
WAME,6
WAND,1
WANE,9
WANG,2
WANK,1
WANS,2
WANT,0
WANY,3
WAPS,0
WAQF,0
WARB,5
WARD,10
WARE,3
WARK,4
WARM,0
WARN,2
WARP,12
WARS,8
WART,19
WARY,2
WASE,7
WASH,9
WASM,4
WASP,3
WAST,6
WATE,1
WATS,5
WATT,14
WAUK,0
WAUL,0
WAUR,0
WAVE,1
WAVY,1
WAWA,1
WAWE,0
WAWL,0
WAWS,0
WAXY,0
WAYS,0
WAZZ,1
WEAK,1
WEAL,1
WEAN,0
WEAR,2
WEBS,5
WEDS,3
WEED,0
WEEK,1
WEEL,0
WEEM,0
WEEN,1
WEEP,0
WEER,1
WEES,0
WEET,0
WEFT,1
WEID,1
WEIL,0
WEIR,0
WEKA,4
WELD,0
WELK,2
WELL,1
WELP,0
WELS,1
WELT,0
WEMB,0
WEMS,1
WENA,3
WEND,3
WENS,1
WENT,0
WEPT,6
WERE,0
WERO,0
WERT,3
WEST,4
WETA,4
WETS,1
WEXE,0
WEYS,0
WHAE,0
WHAM,0
WHAP,0
WHAT,1
WHEE,1
WHEN,0
WHET,1
WHEW,2
WHEY,2
WHID,1
WHIG,0
WHIM,1
WHIN,0
WHIO,0
WHIP,0
WHIR,2
WHIT,0
WHIZ,0
WHOA,1
WHOM,3
WHOP,0
WHOT,0
WHOW,4
WHUP,0
WHYS,0
WICE,0
WICH,0
WICK,0
WIDE,0
WIEL,0
WIFE,1
WIGS,0
WIKI,0
WILD,0
WILE,2
WILI,1
WILL,0
WILT,2
WILY,0
WIMP,1
WIND,0
WINE,3
WING,1
WINK,0
WINN,0
WINO,0
WINS,0
WINY,0
WIPE,1
WIRE,1
WIRY,0
WISE,3
WISH,0
WISP,0
WISS,7
WIST,0
WITE,0
WITH,1
WITS,3
WIVE,2
WOAD,5
WOAH,0
WOCK,1
WOES,0
WOFS,3
WOKE,2
WOKS,3
WOLD,0
WOLF,0
WOMB,0
WONK,0
WONS,6
WONT,0
WOOD,0
WOOF,0
WOOL,1
WOON,0
WOOS,3
WOOT,1
WOPS,1
WORD,0
WORE,3
WORK,1
WORM,1
WORN,0
WORT,2
WOST,5
WOTS,2
WOVE,2
WOWF,0
WOWS,1
WRAP,1
WREN,0
WRIT,0
WUDS,1
WUDU,0
WULL,4
WUSS,0
WYCH,0
WYES,0
WYLE,3
WYND,0
WYNN,0
WYNS,0
WYTE,2
XRAY,0
XYST,0
YAAR,0
YABA,1
YACK,0
YADS,1
YAFF,1
YAGE,2
YAGI,0
YAGS,1
YAHS,3
YAJE,0
YAKS,1
YALD,0
YALE,0
YAMS,4
YANG,0
YANK,0
YAPP,5
YAPS,11
YARD,0
YARE,1
YARK,2
YARN,1
YARR,0
YATE,4
YAUD,0
YAUP,1
YAWL,3
YAWN,0
YAWP,0
YAWS,7
YAWY,0
YAYS,3
YBET,2
YEAD,0
YEAH,4
YEAN,0
YEAR,1
YEAS,2
YEBO,1
YECH,0
YEDE,1
YEED,0
YEET,0
YEGG,1
YELD,1
YELK,1
YELL,0
YELM,0
YELP,3
YELT,0
YENS,1
YEOW,0
YEPS,0
YERD,1
YERK,1
YESK,3
YEST,0
YETI,0
YETT,2
YEUK,0
YEVE,0
YEWS,0
YGOE,0
YIKE,0
YILL,2
YINS,0
YIPE,0
YIPS,0
YIRD,0
YIRK,0
YIRR,2
YITE,0
YLEM,2
YLKE,0
YMPE,0
YMPT,0
YOBS,12
YOCK,1
YODE,0
YODH,0
YODS,0
YOGA,1
YOGH,0
YOGI,0
YOKE,0
YOKS,0
YOLD,0
YOLK,0
YOMP,0
YOND,0
YONI,0
YONT,2
YOOF,1
YOOP,0
YORE,1
YORK,2
YORP,0
YOTE,3
YOUK,0
YOUR,0
YOUS,0
YOWE,4
YOWL,2
YOWS,0
YUAN,0
YUCA,1
YUCH,0
YUCK,1
YUFT,0
YUGA,0
YUGS,0
YUKE,1
YUKO,0
YUKS,0
YUKY,0
YULE,0
YUMP,3
YUNX,0
YUPS,1
YURT,1
YUTZ,0
YUZU,0
YWIS,0
ZACK,0
ZAGS,0
ZANY,0
ZAPS,0
ZARF,0
ZARI,1
ZATI,0
ZEAL,0
ZEAS,1
ZEBU,0
ZEDA,0
ZEDS,0
ZEES,0
ZEIN,0
ZEKS,0
ZELS,0
ZENS,1
ZEPS,0
ZERK,0
ZERO,0
ZEST,0
ZETA,2
ZEZE,0
ZHOS,0
ZIFF,0
ZIGS,0
ZILA,0
ZILL,0
ZIMB,0
ZINC,0
ZINE,0
ZING,0
ZINS,0
ZIPS,0
ZITE,0
ZITI,1
ZITS,1
ZIZZ,0
ZOBO,0
ZOBU,0
ZOEA,0
ZOIC,0
ZOLS,0
ZONA,0
ZONE,1
ZONK,0
ZOOM,0
ZOON,0
ZOOS,0
ZOOT,0
ZORI,0
ZOUK,0
ZUKE,0
ZULU,0
ZUPA,0
ZURF,0
ZYGA,0
ZYME,0
ZZZS,0
